[
    {
        "id": "wqitem.jd.com",
        "name": "京喜智能脚本",
        "version": "1.0.4",
        "description": "一键下载京喜网站商品图片",
        "reg": "wqitem.jd.com",
        "url": "http://s3.ap-east-1.amazonaws.com/static.f7tk.com/aiscripts2/wqitem.jd.com.js",
        "ico": "http://s3.ap-east-1.amazonaws.com/static.f7tk.com/aiscripts2/wqitem.jd.com.ico"
    },
    {
        "id": "www.xiaohongshu.com",
        "name": "小红书智能脚本",
        "version": "1.0.19",
        "description": "一键下载无水印图片",
        "reg": "www.xiaohongshu.com.*item",
        "url": "http://s3.ap-east-1.amazonaws.com/static.f7tk.com/aiscripts2/www.xiaohongshu.com.js",
        "ico": "http://s3.ap-east-1.amazonaws.com/static.f7tk.com/aiscripts2/www.xiaohongshu.com.ico"
    },
    {
        "id": "product.suning.com",
        "name": "苏宁智能脚本",
        "version": "1.0.13",
        "description": "一键下载苏宁商品图片",
        "reg": "suning.com",
        "url": "http://s3.ap-east-1.amazonaws.com/static.f7tk.com/aiscripts2/suning.com.js",
        "ico": "https://www.suning.com/favicon.ico",
        "extras": [
            {
                "title": "下载评论",
                "fun": "downloadMJX"
            }
        ]
    },
    {
        "id": 1,
        "name": "京东智能脚本",
        "version": "1.9.55",
        "description": "智能提取京东详情页面商品相关大图及视频",
        "reg": "item.(jkcs|yiyao)?jd.(com|hk)",
        "url": "http://s3.ap-east-1.amazonaws.com/static.f7tk.com/aiscripts2/jd.js",
        "ico": "http://s3.ap-east-1.amazonaws.com/static.f7tk.com/aiscripts2/jd.ico",
        "extras": [
            {
                "title": "下载评论",
                "fun": "downloadMJX"
            }
        ],
        "clientEnabled": true
    },
    {
        "id": 2,
        "name": "唯品会智能脚本",
        "version": "1.4.15",
        "description": "智能提取唯品会商品相关大图",
        "reg": "vip.com|vipglobal.hk",
        "url": "http://s3.ap-east-1.amazonaws.com/static.f7tk.com/aiscripts2/vip.js",
        "ico": "http://s3.ap-east-1.amazonaws.com/static.f7tk.com/aiscripts2/vip.ico"
    },
    {
        "id": "m.1688.com",
        "name": "1688 H5页面智能脚本",
        "version": "1.0.5",
        "description": "智能提取1688 H5详情页面商品相关大图及视频",
        "reg": "m.1688.com",
        "url": "http://s3.ap-east-1.amazonaws.com/static.f7tk.com/aiscripts2/m.1688.js",
        "ico": "http://s3.ap-east-1.amazonaws.com/static.f7tk.com/aiscripts2/1688.ico"
    },
    {
        "id": 3,
        "name": "1688智能脚本",
        "version": "1.16.54",
        "description": "智能提取1688详情页面商品相关大图及视频",
        "reg": "detail.1688.com",
        "url": "http://s3.ap-east-1.amazonaws.com/static.f7tk.com/aiscripts2/1688.js",
        "ico": "http://s3.ap-east-1.amazonaws.com/static.f7tk.com/aiscripts2/1688.ico",
        "extras": [
            {
                "title": "下载评论 | Download comments",
                "fun": "downloadMJX"
            }
        ],
        "prejs": "http://s3.ap-east-1.amazonaws.com/static.f7tk.com/aiscripts2/1688-pre.js?v=1.2"
    },
    {
        "id": "jinritemai.com",
        "name": "今日特卖（抖音）脚本",
        "version": "1.0.53",
        "description": "一键下载商品图片",
        "reg": "haohuo.jinritemai.com",
        "url": "http://s3.ap-east-1.amazonaws.com/static.f7tk.com/aiscripts2/jinritemai.com.js",
        "ico": "http://s3.ap-east-1.amazonaws.com/static.f7tk.com/aiscripts2/jinritemai.com.ico",
        "prejs": "http://s3.ap-east-1.amazonaws.com/static.f7tk.com/aiscripts2/jinriremai.com-pre.js?v=1.11"
    },
    {
        "id": "etsy.com",
        "name": "ETSY脚本",
        "version": "1.0.3",
        "description": "一键下载商品图片",
        "reg": "www.etsy.com/.*/listing/\\d+",
        "url": "http://s3.ap-east-1.amazonaws.com/static.f7tk.com/aiscripts2/etsy.com.js",
        "ico": "http://s3.ap-east-1.amazonaws.com/static.f7tk.com/aiscripts2/etsy.com.ico"
    },
    {
        "id": 4,
        "name": "mp.weixin.qq.com智能脚本",
        "version": "1.3.6",
        "description": "下载 mp.weixin.qq.com 下的文章内容中的图片，启用改脚本后“显示编号”功能将失效",
        "reg": "mp.weixin.qq.com/s",
        "url": "http://s3.ap-east-1.amazonaws.com/static.f7tk.com/aiscripts2/mpweixin.js",
        "ico": "http://s3.ap-east-1.amazonaws.com/static.f7tk.com/aiscripts2/wx.ico"
    },
    {
        "id": 5,
        "name": "toomics智能脚本",
        "version": "1.6.3",
        "description": "下载漫画正文内容的图片",
        "reg": "toomics.com|toomics.site|toomics.net",
        "url": "http://s3.ap-east-1.amazonaws.com/static.f7tk.com/aiscripts2/toomics.js",
        "ico": "http://s3.ap-east-1.amazonaws.com/static.f7tk.com/aiscripts2/toomics.ico"
    },
    {
        "id": "toomics.com",
        "name": "toomics智能脚本",
        "version": "1.6.1",
        "description": "下载漫画正文内容的图片",
        "reg": "toomics.com|toomics.site|toomics.net",
        "url": "http://s3.ap-east-1.amazonaws.com/static.f7tk.com/aiscripts2/toomics.js",
        "ico": "http://s3.ap-east-1.amazonaws.com/static.f7tk.com/aiscripts2/toomics.ico"
    },
    {
        "id": 6,
        "name": "腾讯动漫智能脚本",
        "version": "1.6",
        "description": "下载漫画正文内容的图片",
        "reg": "ac.qq.com",
        "url": "http://s3.ap-east-1.amazonaws.com/static.f7tk.com/aiscripts2/acqq.js",
        "ico": "http://s3.ap-east-1.amazonaws.com/static.f7tk.com/aiscripts2/acqq.ico"
    },
    {
        "id": 7,
        "name": "Amazon Script",
        "version": "1.5.47",
        "description": "Download Images of the currrent product",
        "reg": "www.amazon\\.",
        "url": "http://s3.ap-east-1.amazonaws.com/static.f7tk.com/aiscripts2/amazon.js",
        "ico": "http://s3.ap-east-1.amazonaws.com/static.f7tk.com/aiscripts2/amazon.ico",
        "extras": [
            {
                "title": {
                    "zh": "下载评论",
                    "default": "Download comments"
                },
                "fun": "downloadMJX"
            }
        ]
    },
    {
        "id": 8,
        "name": "花瓣网智能脚本",
        "version": "1.1.4",
        "description": "花瓣网智能脚本",
        "reg": "meiwu.co|huaban.com|huabanpro.com",
        "url": "http://s3.ap-east-1.amazonaws.com/static.f7tk.com/aiscripts2/huaban.js",
        "ico": "http://s3.ap-east-1.amazonaws.com/static.f7tk.com/aiscripts2/huaban.ico"
    },
    {
        "id": 9,
        "name": "yupoo网智能脚本",
        "version": "1.2.6",
        "description": "yupoo网智能脚本",
        "reg": "yupoo.com",
        "url": "http://s3.ap-east-1.amazonaws.com/static.f7tk.com/aiscripts2/yupoo.js",
        "ico": "http://s3.ap-east-1.amazonaws.com/static.f7tk.com/aiscripts2/yupoo.ico"
    },
    {
        "id": 10,
        "name": "Script for www.wish.com",
        "version": "1.4",
        "description": "Script for www.wish.com",
        "reg": "www.wish.com",
        "url": "http://s3.ap-east-1.amazonaws.com/static.f7tk.com/aiscripts2/wish.js",
        "ico": "http://s3.ap-east-1.amazonaws.com/static.f7tk.com/aiscripts2/wish.png"
    },
    {
        "id": 11,
        "name": "Script for Aliexpress",
        "version": "1.5.32",
        "description": "Script for Aliexpress",
        "reg": "aliexpress\\.",
        "url": "http://s3.ap-east-1.amazonaws.com/static.f7tk.com/aiscripts2/aliexpress.js",
        "ico": "http://s3.ap-east-1.amazonaws.com/static.f7tk.com/aiscripts2/aliexpress.ico",
        "extras": [
            {
                "title": {
                    "zh": "下载评论",
                    "default": "Download comments"
                },
                "fun": "downloadMJX"
            }
        ]
    },
    {
        "id": 12,
        "name": "Script for trgomania.com",
        "version": "1.1",
        "description": "Script for trgomania.com",
        "reg": "trgomania.com",
        "url": "http://s3.ap-east-1.amazonaws.com/static.f7tk.com/aiscripts2/trgomania.js",
        "ico": "http://s3.ap-east-1.amazonaws.com/static.f7tk.com/aiscripts2/trgomania.ico"
    },
    {
        "id": 13,
        "name": "Script for toptoon.net",
        "version": "1.8.30",
        "description": "Script for toptoon.net，需要滚动到页面底部才可以下载全部图片",
        "reg": "toptoon.net",
        "url": "http://s3.ap-east-1.amazonaws.com/static.f7tk.com/aiscripts2/toptoon.js",
        "ico": "http://s3.ap-east-1.amazonaws.com/static.f7tk.com/aiscripts2/toptoon.png"
    },
    {
        "id": 14,
        "name": "Script for Airbnb",
        "version": "1.0",
        "description": "Script for Airbnb，只下载商品相关的图片",
        "reg": "\\.airbnb\\.",
        "url": "http://s3.ap-east-1.amazonaws.com/static.f7tk.com/aiscripts2/airbnb.js",
        "ico": "http://s3.ap-east-1.amazonaws.com/static.f7tk.com/aiscripts2/airbnb.ico"
    },
    {
        "id": 15,
        "name": "Script for booking.com",
        "version": "1.1",
        "description": "Script for booking.com，只下载商品相关的图片",
        "reg": "\\.booking\\.",
        "url": "http://s3.ap-east-1.amazonaws.com/static.f7tk.com/aiscripts2/booking.js",
        "ico": "http://s3.ap-east-1.amazonaws.com/static.f7tk.com/aiscripts2/booking.ico"
    },
    {
        "id": 16,
        "name": "携程 - 酒店",
        "version": "1.18",
        "description": "需要点击查看所有图片后才能下载酒店相关图片",
        "reg": "hotels.ctrip.com",
        "url": "http://s3.ap-east-1.amazonaws.com/static.f7tk.com/aiscripts2/ctrip.js",
        "ico": "http://s3.ap-east-1.amazonaws.com/static.f7tk.com/aiscripts2/ctrip.ico",
        "extras": [
            {
                "title": "下载评论",
                "fun": "downloadMJX"
            }
        ]
    },
    {
        "id": 17,
        "name": "Script for agoda.com",
        "version": "1.6",
        "description": "Script for agoda.com, 点击\"查看所有图片\"后可以抓取酒店相关图片",
        "reg": "www.agoda.com",
        "url": "http://s3.ap-east-1.amazonaws.com/static.f7tk.com/aiscripts2/agoda.js",
        "ico": "http://s3.ap-east-1.amazonaws.com/static.f7tk.com/aiscripts2/agoda.ico"
    },
    {
        "id": 18,
        "name": "Script for uootu.com",
        "version": "1.0",
        "description": "Script for uootu.com",
        "reg": "www.uootu.com",
        "url": "http://s3.ap-east-1.amazonaws.com/static.f7tk.com/aiscripts2/uootu.js",
        "ico": "http://s3.ap-east-1.amazonaws.com/static.f7tk.com/aiscripts2/uootu.png"
    },
    {
        "id": 19,
        "name": "百度图片脚本",
        "version": "1.1.2",
        "description": "百度图片脚本，自动下载大图",
        "reg": "image.baidu.com",
        "url": "http://s3.ap-east-1.amazonaws.com/static.f7tk.com/aiscripts2/baidu.js",
        "ico": "http://s3.ap-east-1.amazonaws.com/static.f7tk.com/aiscripts2/baidu.ico"
    },
    {
        "id": 20,
        "name": "Script for Google Image",
        "version": "1.2.47",
        "description": "Script for Google Image，自动下载大图",
        "reg": "www\\.google\\..*/search\\?",
        "url": "http://s3.ap-east-1.amazonaws.com/static.f7tk.com/aiscripts2/google.js",
        "ico": "http://s3.ap-east-1.amazonaws.com/static.f7tk.com/aiscripts2/google.png"
    },
    {
        "id": 21,
        "name": "Script for Pinterest",
        "version": "1.9.2",
        "description": "Script for Pinterest",
        "reg": "^https?:\/\/www.pinterest",
        "url": "http://s3.ap-east-1.amazonaws.com/static.f7tk.com/aiscripts2/pinterest.js",
        "ico": "http://s3.ap-east-1.amazonaws.com/static.f7tk.com/aiscripts2/pinterest.png"
    },
    {
        "id": 22,
        "name": "淘宝网智能脚本",
        "version": "1.3.42",
        "description": "一键下载商品相关的图片和视频，一键下载评论中的嗮图",
        "updateDesc": "添加了一键下载评论晒图",
        "reg": "^https?:\/\/item.taobao.com|m.taobao.com/.*detail.htm",
        "url": "http://s3.ap-east-1.amazonaws.com/static.f7tk.com/aiscripts2/taobao.js",
        "ico": "http://s3.ap-east-1.amazonaws.com/static.f7tk.com/aiscripts2/taobao.ico",
        "extras": [
            {
                "title": "下载评论图片",
                "fun": "downloadMJX"
            }
        ]
    },
    {
        "id": 23,
        "name": "天猫网智能脚本",
        "version": "1.3.32",
        "description": "一键下载商品相关的图片和视频，一键下载评论中的嗮图",
        "updateDesc": "添加了一键下载评论晒图",
        "reg": "detail.(m.)?(?:tmall|liangxinyao).(?:com|hk)",
        "url": "http://s3.ap-east-1.amazonaws.com/static.f7tk.com/aiscripts2/tmall.js",
        "ico": "http://s3.ap-east-1.amazonaws.com/static.f7tk.com/aiscripts2/tmall.png",
        "extras": [
            {
                "title": "下载评论图片",
                "fun": "downloadMJX"
            }
        ],
        "prejs": "http://s3.ap-east-1.amazonaws.com/static.f7tk.com/aiscripts2/tmall-pre.js?v=1.2"
    },
    {
        "id": "traveldetail.fliggy.com",
        "name": "飞猪智能脚本",
        "version": "1.0.6",
        "description": "一键下载商品相关的图片和视频，一键下载评论中的嗮图",
        "reg": "fliggy.com",
        "url": "http://s3.ap-east-1.amazonaws.com/static.f7tk.com/aiscripts2/fliggy.js",
        "ico": "http://s3.ap-east-1.amazonaws.com/static.f7tk.com/aiscripts2/fliggy.ico"
    },
    {
        "id": "www.americanas.com.br",
        "name": "americanas smart script",
        "version": "1.0.1",
        "description": "download americanas`s product images",
        "reg": "americanas.com.br/produto",
        "url": "http://s3.ap-east-1.amazonaws.com/static.f7tk.com/aiscripts2/www.americanas.com.br.js",
        "ico": "http://s3.ap-east-1.amazonaws.com/static.f7tk.com/aiscripts2/www.americanas.com.br.webp"
    },
    {
        "id": 24,
        "name": "爱回收智能脚本",
        "version": "1.22",
        "description": "爱回收列表页产品图片下载，并以产品名字命名图片",
        "reg": "^https?:\/\/www.aihuishou.com",
        "url": "http://s3.ap-east-1.amazonaws.com/static.f7tk.com/aiscripts2/aihuishou.js",
        "ico": "http://s3.ap-east-1.amazonaws.com/static.f7tk.com/aiscripts2/aihuishou.ico"
    },
    {
        "id": 25,
        "name": "yande.re",
        "version": "1.6.9",
        "description": "下载yande.re原图",
        "reg": "^https?:\/\/yande.re",
        "url": "http://s3.ap-east-1.amazonaws.com/static.f7tk.com/aiscripts2/yande.js",
        "ico": "http://s3.ap-east-1.amazonaws.com/static.f7tk.com/aiscripts2/yande.ico"
    },
    {
        "id": 26,
        "name": "sankakucomplex",
        "version": "1.5.6",
        "description": "下载sankakucomplex原图",
        "reg": "^https?:\/\/beta.sankakucomplex.com",
        "url": "http://s3.ap-east-1.amazonaws.com/static.f7tk.com/aiscripts2/sankakucomplex.js",
        "ico": "http://s3.ap-east-1.amazonaws.com/static.f7tk.com/aiscripts2/sankakucomplex.ico"
    },
    {
        "id": 28,
        "name": "搜款网单商品图片下载",
        "version": "1.0.11",
        "description": "搜款网单商品图片下载",
        "reg": "www.vvic.com/item/",
        "url": "http://s3.ap-east-1.amazonaws.com/static.f7tk.com/aiscripts2/vvic-item.js",
        "ico": "http://s3.ap-east-1.amazonaws.com/static.f7tk.com/aiscripts2/vvic.ico"
    },
    {
        "id": "17zwd.com",
        "name": "17网单商品图片下载",
        "version": "1.0.12",
        "description": "搜款网单商品图片下载",
        "reg": "17zwd.com/item",
        "url": "http://s3.ap-east-1.amazonaws.com/static.f7tk.com/aiscripts2/17zwd.com.js",
        "ico": "http://s3.ap-east-1.amazonaws.com/static.f7tk.com/aiscripts2/17zwd.com.ico"
    },
    {
        "id": 30,
        "name": "拼多多智能脚本",
        "version": "1.2.0",
        "description": "一键下载拼多多商品相关图片及视频，一键下载评论晒图，如果图片不全可以尝试去掉设置里面的去重",
        "reg": "yangkeduo.com/(goods\\d?.html|goods_comments.html|mall_certificates.html)|pinduoduo.com\\/goods.html\\?.*goods_id=\\d+",
        "url": "http://s3.ap-east-1.amazonaws.com/static.f7tk.com/aiscripts2/pinduoduo.js",
        "ico": "http://s3.ap-east-1.amazonaws.com/static.f7tk.com/aiscripts2/pinduoduo.png",
        "extras": [
            {
                "title": "下载评论图片、视频",
                "fun": "downloadMJX"
            }
        ]
    },
    {
        "id": "mms.pinduoduo",
        "name": "拼多多聊天窗口智能脚本",
        "version": "1.0.12",
        "description": "一键下载拼多多聊天窗口内的图片",
        "reg": "mms.pinduoduo.com/chat-merchant/index.html|mms.pinduoduo.com/chat-windows/index.html",
        "url": "http://s3.ap-east-1.amazonaws.com/static.f7tk.com/aiscripts2/mms.pinduoduo.js",
        "ico": "http://s3.ap-east-1.amazonaws.com/static.f7tk.com/aiscripts2/pinduoduo.png"
    },
    {
        "id": 31,
        "name": "微博智能脚本",
        "version": "1.0.43",
        "description": "微博智能脚本",
        "reg": "weibo.com",
        "url": "http://s3.ap-east-1.amazonaws.com/static.f7tk.com/aiscripts2/weibo.js",
        "ico": "http://s3.ap-east-1.amazonaws.com/static.f7tk.com/aiscripts2/weibo.ico"
    },
    {
        "id": 32,
        "name": "SMART SCRIPT for BING IMAGES",
        "version": "1.0.3",
        "description": "智能提取搜索结果中的大图",
        "reg": "(cn|www).bing.com/images/search",
        "url": "http://s3.ap-east-1.amazonaws.com/static.f7tk.com/aiscripts2/bing.js",
        "ico": "http://s3.ap-east-1.amazonaws.com/static.f7tk.com/aiscripts2/bing.ico"
    },
    {
        "id": 33,
        "name": "CNU视觉联盟",
        "version": "1.0.5",
        "description": "不需要滚动到底部就可以下载全部图片",
        "reg": "www.cnu.cc/works/\\d+",
        "url": "http://s3.ap-east-1.amazonaws.com/static.f7tk.com/aiscripts2/cnu.cc.js",
        "ico": "http://s3.ap-east-1.amazonaws.com/static.f7tk.com/aiscripts2/cnu.cc.ico"
    },
    {
        "id": "instagram.com",
        "name": "INSTAGRAM SMART SCRIPT",
        "version": "1.0.36",
        "description": "The download button at the top of the post can download all the pictures and videos in the post, double-click the picture or video to download a single item",
        "reg": "instagram.com",
        "url": "http://s3.ap-east-1.amazonaws.com/static.f7tk.com/aiscripts2/instagram.js",
        "ico": "http://s3.ap-east-1.amazonaws.com/static.f7tk.com/aiscripts2/instagram.ico",
        "funlist": [
            {
                "funId": "add-download-btn",
                "desc": "Show a download button for images and videos",
                "enabled": true
            },
            {
                "funId": "download-by-double-click",
                "desc": "Download the single image by double click",
                "enabled": true
            }
        ]
    },
    {
        "id": "tu.heiguang.com",
        "name": "黑光图库智能脚本",
        "version": "1.0.0",
        "description": "一键下载主图",
        "reg": "tu.heiguang.com/works/show_\\d+\\.html",
        "url": "http://s3.ap-east-1.amazonaws.com/static.f7tk.com/aiscripts2/tu.heiguang.com.js",
        "ico": "http://s3.ap-east-1.amazonaws.com/static.f7tk.com/aiscripts2/tu.heiguang.com.ico"
    },
    {
        "id": "tuchong.com",
        "name": "图虫智能脚本",
        "version": "1.0.1",
        "description": "一键下载主图",
        "reg": "tuchong.com/\\d+/\\d+/|.+\\.tuchong\\.com/\\d+",
        "url": "http://s3.ap-east-1.amazonaws.com/static.f7tk.com/aiscripts2/tuchong.com.js",
        "ico": "http://s3.ap-east-1.amazonaws.com/static.f7tk.com/aiscripts2/tuchong.com.ico"
    },
    {
        "id": "www.poco.cn",
        "name": "POCO图片智能脚本",
        "version": "1.0.0",
        "description": "一键下载主图",
        "reg": "www.poco.cn/works/detail",
        "url": "http://s3.ap-east-1.amazonaws.com/static.f7tk.com/aiscripts2/www.poco.cn.js",
        "ico": "http://s3.ap-east-1.amazonaws.com/static.f7tk.com/aiscripts2/www.poco.cn.ico"
    },
    {
        "id": "www.dhgate.com",
        "name": "DHgate  智能脚本|Smart Script",
        "version": "1.0.28",
        "description": "一键下载主图、SKU图片、详情图片",
        "reg": "www.dhgate.com/.*product",
        "url": "http://s3.ap-east-1.amazonaws.com/static.f7tk.com/aiscripts2/www.dhgate.com.js",
        "ico": "http://s3.ap-east-1.amazonaws.com/static.f7tk.com/aiscripts2/www.dhgate.com.ico",
        "extras": [
            {
                "title": "下载评论",
                "fun": "downloadMJX"
            }
        ]
    },
    {
        "id": "www.alibaba.com",
        "name": "ALIBABA  智能脚本|Smart Script",
        "version": "1.0.35",
        "description": "一键下载主图、SKU图片、详情图片",
        "reg": "www.alibaba.com/product-detail/|alibaba.com/product",
        "url": "http://s3.ap-east-1.amazonaws.com/static.f7tk.com/aiscripts2/alibaba.js",
        "ico": "http://s3.ap-east-1.amazonaws.com/static.f7tk.com/aiscripts2/alibaba.ico",
        "extras": [
            {
                "title": "下载评论 | Download comments",
                "fun": "downloadMJX"
            }
        ]
    },
    {
        "id": "youzan.com",
        "name": "有赞 智能脚本|Smart Script",
        "version": "1.0.10",
        "description": "一键下载主图、SKU图片、详情图片",
        "reg": "shop\\d+.youzan.com/v\\d+/goods|youzan.com.*/detail/",
        "url": "http://s3.ap-east-1.amazonaws.com/static.f7tk.com/aiscripts2/youzan.com.js",
        "ico": "http://s3.ap-east-1.amazonaws.com/static.f7tk.com/aiscripts2/youzan.com.ico"
    },
    {
        "id": "kaola.com",
        "name": "考拉智能脚本",
        "version": "1.0.3",
        "description": "一键下载主图、SKU图片、详情图片",
        "reg": "goods.kaola.com(.hk)?/product/\\d+.html",
        "url": "http://s3.ap-east-1.amazonaws.com/static.f7tk.com/aiscripts2/kaola.com.js",
        "ico": "http://s3.ap-east-1.amazonaws.com/static.f7tk.com/aiscripts2/kaola.com.ico"
    },
    {
        "id": "yandex.ru",
        "name": "yandex.ru",
        "version": "1.0.6",
        "description": "一键下载所有，如有选中查看某个图片，一键下载选中图片的右侧相关图片",
        "reg": "yandex.ru/images/search",
        "url": "http://s3.ap-east-1.amazonaws.com/static.f7tk.com/aiscripts2/yandex.ru.js",
        "ico": "http://s3.ap-east-1.amazonaws.com/static.f7tk.com/aiscripts2/yandex.ru.ico"
    },
    {
        "id": "www.tujia.com",
        "name": "途家民宿智能脚本",
        "version": "1.0.1",
        "description": "一键下载所有房屋图片(需要先点击查看图片)",
        "reg": "www.tujia.com/detail/\\d+.htm",
        "url": "http://s3.ap-east-1.amazonaws.com/static.f7tk.com/aiscripts2/tujia.com.js",
        "ico": "http://s3.ap-east-1.amazonaws.com/static.f7tk.com/aiscripts2/tujia.com.ico"
    },
    {
        "id": "www.kidsfootlocker.com",
        "name": "Smart Script for kidsfootlocker.com",
        "version": "1.0.1",
        "description": "一键下载商品图片|Only download images about the product",
        "reg": "www.kidsfootlocker.com/product",
        "url": "http://s3.ap-east-1.amazonaws.com/static.f7tk.com/aiscripts2/kidsfootlocker.com.js",
        "ico": "http://s3.ap-east-1.amazonaws.com/static.f7tk.com/aiscripts2/kidsfootlocker.com.png"
    },
    {
        "id": "zh.ifixit.com-store",
        "name": "Smart Script for Ifixit Store",
        "version": "1.0.7",
        "description": "一键下载Ifixit Store商品图片",
        "reg": "zh.ifixit.com/Store",
        "url": "http://s3.ap-east-1.amazonaws.com/static.f7tk.com/aiscripts2/ifixit.store.js",
        "ico": "http://s3.ap-east-1.amazonaws.com/static.f7tk.com/aiscripts2/ifixit.png"
    },
    {
        "id": "manga.bilibili",
        "name": "哔哩哔哩漫画脚本",
        "version": "1.0.5",
        "description": "一键下载哔哩哔哩漫画, 需要将页面滚动到底部才可以下载所有图片",
        "reg": "manga.bilibili.com",
        "url": "http://s3.ap-east-1.amazonaws.com/static.f7tk.com/aiscripts2/bilibili.js",
        "ico": "http://s3.ap-east-1.amazonaws.com/static.f7tk.com/aiscripts2/bilibili.ico"
    },
    {
        "id": "manhua.dmzj.com",
        "name": "动漫之家漫画脚本",
        "version": "1.0.19",
        "description": "一键下载整章节所有漫画",
        "reg": "(www|manhua).dmzj1?.com",
        "url": "http://s3.ap-east-1.amazonaws.com/static.f7tk.com/aiscripts2/manhua.dmzj.com.js",
        "ico": "http://s3.ap-east-1.amazonaws.com/static.f7tk.com/aiscripts2/manhua.dmzj.com.ico"
    },
    {
        "id": "pop-fashion.com",
        "name": "POP服装趋势智能脚本",
        "version": "1.0.2",
        "description": "一键下载页面上的所有高清大图",
        "reg": "www.pop-fashion.com/details/report|www.popfashioninfo.com/details",
        "url": "http://s3.ap-east-1.amazonaws.com/static.f7tk.com/aiscripts2/pop-fashion.js",
        "ico": "http://s3.ap-east-1.amazonaws.com/static.f7tk.com/aiscripts2/pop-fashion.ico"
    },
    {
        "id": "haohaozhu.cn",
        "name": "好好住-智能脚本",
        "version": "1.0.0",
        "description": "下载图片及视频",
        "reg": "haohaozhu.cn/tupian",
        "url": "http://s3.ap-east-1.amazonaws.com/static.f7tk.com/aiscripts2/haohaozhu.cn.js",
        "ico": "http://s3.ap-east-1.amazonaws.com/static.f7tk.com/aiscripts2/haohaozhu.cn.ico"
    },
    {
        "id": "www.konami.com",
        "name": "konami智能脚本｜Script for Konami",
        "version": "1.0.7",
        "description": "一键下载所有大图",
        "reg": "www.konami.com/yugioh/duel_links/",
        "url": "http://s3.ap-east-1.amazonaws.com/static.f7tk.com/aiscripts2/www.konami.com.js",
        "ico": "http://s3.ap-east-1.amazonaws.com/static.f7tk.com/aiscripts2/www.konami.com.ico"
    },
    {
        "id": "www.techuangyi.com",
        "name": "特创意智能脚本",
        "version": "1.0.1",
        "description": "一键下载所有大图",
        "reg": "www.techuangyi.com",
        "url": "http://s3.ap-east-1.amazonaws.com/static.f7tk.com/aiscripts2/www.techuangyi.com.js",
        "ico": "http://s3.ap-east-1.amazonaws.com/static.f7tk.com/aiscripts2/www.techuangyi.com.ico"
    },
    {
        "id": "book.yunzhan365.com",
        "name": "云展网智能脚本",
        "version": "1.0.8",
        "description": "一键整本书",
        "reg": "yunzhan365.com",
        "url": "http://s3.ap-east-1.amazonaws.com/static.f7tk.com/aiscripts2/book.yunzhan365.com.js",
        "ico": "http://s3.ap-east-1.amazonaws.com/static.f7tk.com/aiscripts2/book.yunzhan365.com.ico"
    },
    {
        "id": "62591.mofa.ht",
        "name": "奥新直邮正品智能脚本",
        "version": "1.0.3",
        "description": "一键主图及详情图",
        "reg": "62591.mofa.ht/catalog/product/",
        "url": "http://s3.ap-east-1.amazonaws.com/static.f7tk.com/aiscripts2/62591.mofa.ht.js",
        "ico": "http://s3.ap-east-1.amazonaws.com/static.f7tk.com/aiscripts2/62591.mofa.ht.ico"
    },
    {
        "id": "poshmark.com",
        "name": "Poshmark脚本 ｜ Script for Poshmark",
        "version": "1.0.2",
        "description": "一键商品大图",
        "reg": "poshmark.com/listing",
        "url": "http://s3.ap-east-1.amazonaws.com/static.f7tk.com/aiscripts2/poshmark.js",
        "ico": "http://s3.ap-east-1.amazonaws.com/static.f7tk.com/aiscripts2/poshmark.ico"
    },
    {
        "id": "www.farfetch.cn",
        "name": "farfetch发发奇 - 智能脚本",
        "version": "1.0.10",
        "description": "一键下载商品图片",
        "reg": "www.farfetch.cn",
        "url": "http://s3.ap-east-1.amazonaws.com/static.f7tk.com/aiscripts2/farfetch.js",
        "ico": "http://s3.ap-east-1.amazonaws.com/static.f7tk.com/aiscripts2/farfetch.webp"
    },
    {
        "id": "hathitrust",
        "name": "hathitrust智能脚本｜ Script for hathitrust",
        "version": "1.0.7",
        "description": "一键下载整本图书 ｜ Download whole book, 网站对短时间内下载的图片数量做了限制，所以下载会比较慢，如果发现有错误的图片，请多尝试几次",
        "reg": "hathitrust.org",
        "url": "http://s3.ap-east-1.amazonaws.com/static.f7tk.com/aiscripts2/hathitrust.js",
        "ico": "http://s3.ap-east-1.amazonaws.com/static.f7tk.com/aiscripts2/hathitrust.ico"
    },
    {
        "id": "shein.com",
        "name": "SHEIN智能脚本｜ Script for SHEIN",
        "version": "1.0.5",
        "description": "一键下载商品图片 ｜ Only Download Product Images",
        "reg": "shein.com",
        "url": "http://s3.ap-east-1.amazonaws.com/static.f7tk.com/aiscripts2/shein.js",
        "ico": "http://s3.ap-east-1.amazonaws.com/static.f7tk.com/aiscripts2/shein.ico"
    },
    {
        "id": "konachan.wjcodes.com",
        "name": "KONACHAN智能脚本｜ konachan.wjcodes.com",
        "version": "1.0.7",
        "description": "一键下载KONACHAN动漫高清大图",
        "reg": "konachan.wjcodes.com",
        "url": "http://s3.ap-east-1.amazonaws.com/static.f7tk.com/aiscripts2/konachan.wjcodes.com.js",
        "ico": "http://s3.ap-east-1.amazonaws.com/static.f7tk.com/aiscripts2/konachan.wjcodes.com.ico"
    },
    {
        "id": "360msl.com",
        "name": "名师联智库智能脚本｜ 360msl.com",
        "version": "1.0.1",
        "description": "打包下载高清大图",
        "reg": "360msl.com/article-view-\\d+.htm",
        "url": "http://s3.ap-east-1.amazonaws.com/static.f7tk.com/aiscripts2/360msl.com.js",
        "ico": "http://s3.ap-east-1.amazonaws.com/static.f7tk.com/aiscripts2/360msl.com.ico"
    },
    {
        "id": "ygo.163.com",
        "name": "游戏王",
        "version": "1.0.6",
        "description": "卡片图片下载",
        "reg": "ygo.163.com",
        "url": "http://s3.ap-east-1.amazonaws.com/static.f7tk.com/aiscripts2/ygo.163.com.js",
        "ico": "http://s3.ap-east-1.amazonaws.com/static.f7tk.com/aiscripts2/ygo.163.com.ico"
    },
    {
        "id": "lazada.com.my",
        "name": "Lazada",
        "version": "1.0.25",
        "description": "Script for Lazada，一键下载商品图片",
        "reg": "www\\.lazada\\..*/products",
        "url": "http://s3.ap-east-1.amazonaws.com/static.f7tk.com/aiscripts2/lazada.com.my.js",
        "ico": "http://s3.ap-east-1.amazonaws.com/static.f7tk.com/aiscripts2/lazada.com.my.png"
    },
    {
        "id": "shopee.tw",
        "name": "SHPEE | 虾皮购物",
        "version": "1.0.53",
        "description": "SHOPEE虾皮购物智能脚本，一键下载商品图片",
        "reg": "shopee|xiapibuy.com",
        "url": "http://s3.ap-east-1.amazonaws.com/static.f7tk.com/aiscripts2/xiapi.js",
        "ico": "http://s3.ap-east-1.amazonaws.com/static.f7tk.com/aiscripts2/xiapi.ico",
        "prejs": "http://s3.ap-east-1.amazonaws.com/static.f7tk.com/aiscripts2/xiapi-pre.js?v=1.16"
    },
    {
        "id": "twitter",
        "name": "TWITTER",
        "version": "1.0.3",
        "description": "TWITTER智能脚本",
        "reg": "twitter.com",
        "url": "http://s3.ap-east-1.amazonaws.com/static.f7tk.com/aiscripts2/twitter.com.js",
        "ico": "http://s3.ap-east-1.amazonaws.com/static.f7tk.com/aiscripts2/twitter.com.ico"
    },
    {
        "id": "bigbigwork.com",
        "name": "大作网",
        "version": "1.0.2",
        "description": "解除大作网下载限制",
        "reg": "www.bigbigwork.com",
        "url": "http://s3.ap-east-1.amazonaws.com/static.f7tk.com/aiscripts2/bigbigwork.com.js",
        "ico": "http://s3.ap-east-1.amazonaws.com/static.f7tk.com/aiscripts2/bigbigwork.com.ico"
    },
    {
        "id": "coupang.com",
        "name": "COUPANG",
        "version": "1.0.3",
        "description": "Coupang script",
        "reg": "www.coupang.com",
        "url": "http://s3.ap-east-1.amazonaws.com/static.f7tk.com/aiscripts2/coupang.com.js",
        "ico": "http://s3.ap-east-1.amazonaws.com/static.f7tk.com/aiscripts2/coupang.com.ico"
    },
    {
        "id": "www.zalando.it",
        "name": "zalando",
        "version": "1.0.1",
        "description": "Download main and sku pictures",
        "reg": "www.zalando.it",
        "url": "http://s3.ap-east-1.amazonaws.com/static.f7tk.com/aiscripts2/zalando.js",
        "ico": "http://s3.ap-east-1.amazonaws.com/static.f7tk.com/aiscripts2/zalando.ico"
    },
    {
        "id": "romwe.com",
        "name": "romwe",
        "version": "1.0.2",
        "description": "Download product pictures",
        "reg": "romwe.com",
        "url": "http://s3.ap-east-1.amazonaws.com/static.f7tk.com/aiscripts2/romwe.js",
        "ico": "http://s3.ap-east-1.amazonaws.com/static.f7tk.com/aiscripts2/romwe.ico"
    },
    {
        "id": "zaful.com",
        "name": "zaful",
        "version": "1.0.3",
        "description": "Download product pictures",
        "reg": "zaful.com",
        "url": "http://s3.ap-east-1.amazonaws.com/static.f7tk.com/aiscripts2/zaful.js",
        "ico": "http://s3.ap-east-1.amazonaws.com/static.f7tk.com/aiscripts2/zaful.ico"
    },
    {
        "id": "18comic.vip",
        "name": "18comic",
        "version": "1.0.18",
        "description": "Download 18comic pictures",
        "reg": "18comic.vip",
        "url": "http://s3.ap-east-1.amazonaws.com/static.f7tk.com/aiscripts2/18comic.vip.js",
        "ico": "http://s3.ap-east-1.amazonaws.com/static.f7tk.com/aiscripts2/18comic.vip.ico"
    },
    {
        "id": "moooi.com",
        "name": "moooi",
        "version": "1.0.1",
        "description": "Download moooi pictures",
        "reg": "www.moooi.com",
        "url": "http://s3.ap-east-1.amazonaws.com/static.f7tk.com/aiscripts2/moooi.com.js",
        "ico": "http://s3.ap-east-1.amazonaws.com/static.f7tk.com/aiscripts2/moooi.com.png"
    },
    {
        "id": "www.patreon.com",
        "name": "PATREON",
        "version": "1.0.2",
        "description": "Download patreon pictures",
        "reg": "www.patreon.com",
        "url": "http://s3.ap-east-1.amazonaws.com/static.f7tk.com/aiscripts2/www.patreon.com.js",
        "ico": "http://s3.ap-east-1.amazonaws.com/static.f7tk.com/aiscripts2/www.patreon.com.png"
    },
    {
        "id": "www.depop.com",
        "name": "DEPOP",
        "version": "1.0.4",
        "description": "Download depop pictures",
        "reg": "www.depop.com",
        "url": "http://s3.ap-east-1.amazonaws.com/static.f7tk.com/aiscripts2/www.depop.com.js",
        "ico": "http://s3.ap-east-1.amazonaws.com/static.f7tk.com/aiscripts2/www.depop.com.ico"
    },
    {
        "id": "baidu.com-ds",
        "name": "百度电商",
        "version": "1.0.3",
        "description": "下载百度电商商品图片",
        "reg": "baidu.com/site/",
        "url": "http://s3.ap-east-1.amazonaws.com/static.f7tk.com/aiscripts2/baidu.com-ds.js",
        "ico": "http://s3.ap-east-1.amazonaws.com/static.f7tk.com/aiscripts2/baidu.ico"
    },
    {
        "id": "dangdang.com",
        "name": "当当网",
        "version": "1.0.4",
        "description": "下载当当网商品图片",
        "reg": "dangdang.com",
        "url": "http://s3.ap-east-1.amazonaws.com/static.f7tk.com/aiscripts2/dangdang.com.js",
        "ico": "http://s3.ap-east-1.amazonaws.com/static.f7tk.com/aiscripts2/dangdang.com.ico"
    },
    {
        "id": "17qcc.com",
        "name": "青创网",
        "version": "1.0.1",
        "description": "下载青创网商品图片，需要滚动加载到详情图片才可以下载详情图片",
        "reg": "17qcc.com",
        "url": "http://s3.ap-east-1.amazonaws.com/static.f7tk.com/aiscripts2/17qcc.com.js",
        "ico": "http://s3.ap-east-1.amazonaws.com/static.f7tk.com/aiscripts2/17qcc.com.ico"
    },
    {
        "id": "inongjia.net",
        "name": "爱农家",
        "version": "1.0.2",
        "description": "下载青创网商品图片，需要滚动加载到详情图片才可以下载详情图片",
        "reg": "inongjia.net",
        "url": "http://s3.ap-east-1.amazonaws.com/static.f7tk.com/aiscripts2/inongjia.js",
        "ico": "http://s3.ap-east-1.amazonaws.com/static.f7tk.com/aiscripts2/inongjia.ico"
    },
    {
        "id": "behance.net",
        "name": "BEHANCE",
        "version": "1.0.0",
        "description": "Behance script",
        "reg": "www.behance.net",
        "url": "http://s3.ap-east-1.amazonaws.com/static.f7tk.com/aiscripts2/behance.net.js",
        "ico": "http://s3.ap-east-1.amazonaws.com/static.f7tk.com/aiscripts2/behance.net.ico"
    },
    {
        "id": "xrksw.com.cn",
        "name": "XRKSW.COM.CN",
        "version": "1.0.2",
        "description": "xrksw.com.cn script",
        "reg": "xrksw.com.cn",
        "url": "http://s3.ap-east-1.amazonaws.com/static.f7tk.com/aiscripts2/xrksw.com.cn.js",
        "ico": "http://s3.ap-east-1.amazonaws.com/static.f7tk.com/aiscripts2/xrksw.com.cn.ico"
    },
    {
        "id": "lianty.com",
        "name": "lianty.com script",
        "version": "1.0.5",
        "description": "lianty.com script",
        "reg": "lianty.com.*details",
        "url": "http://s3.ap-east-1.amazonaws.com/static.f7tk.com/aiscripts2/lianty.com.js",
        "ico": "http://s3.ap-east-1.amazonaws.com/static.f7tk.com/aiscripts2/lianty.com.ico"
    },
    {
        "id": "qzone.qq.com",
        "name": "QQ相册脚本",
        "version": "1.0.11",
        "description": "一键下载相册图片",
        "reg": "user.qzone.qq.com",
        "url": "http://s3.ap-east-1.amazonaws.com/static.f7tk.com/aiscripts2/qzone.qq.com.js",
        "ico": "http://s3.ap-east-1.amazonaws.com/static.f7tk.com/aiscripts2/qzone.qq.com.ico"
    },
    {
        "id": "iherb.com",
        "name": "Iherb Script",
        "version": "1.0.3",
        "description": "Download images",
        "reg": "iherb.com",
        "url": "http://s3.ap-east-1.amazonaws.com/static.f7tk.com/aiscripts2/iherb.js",
        "ico": "http://s3.ap-east-1.amazonaws.com/static.f7tk.com/aiscripts2/iherb.ico"
    },
    {
        "id": "www.walmart.com",
        "name": "Walmart Script",
        "version": "1.0.6",
        "description": "Download product images",
        "reg": "www.walmart.com",
        "url": "http://s3.ap-east-1.amazonaws.com/static.f7tk.com/aiscripts2/www.walmart.com.js",
        "ico": "http://s3.ap-east-1.amazonaws.com/static.f7tk.com/aiscripts2/www.walmart.com.ico"
    },
    {
        "id": "www.tujidao.com",
        "name": "图集岛",
        "version": "1.0.1",
        "description": "下载图片",
        "reg": "www.tujidao.com|www.tujidao\\d+.com",
        "url": "http://s3.ap-east-1.amazonaws.com/static.f7tk.com/aiscripts2/tujidao.js",
        "ico": "http://s3.ap-east-1.amazonaws.com/static.f7tk.com/aiscripts2/tujidao.ico"
    },
    {
        "id": "mangaraw.co",
        "name": "mangaraw.co",
        "version": "1.0.1",
        "description": "mangaraw.co",
        "reg": "mangaraw.co",
        "url": "http://s3.ap-east-1.amazonaws.com/static.f7tk.com/aiscripts2/mangaraw.co.js",
        "ico": "http://s3.ap-east-1.amazonaws.com/static.f7tk.com/aiscripts2/mangaraw.co.ico"
    },
    {
        "id": "chanmama.com",
        "name": "蝉妈妈",
        "version": "1.0.10",
        "description": "",
        "reg": "chanmama.com",
        "url": "http://s3.ap-east-1.amazonaws.com/static.f7tk.com/aiscripts2/chanmama.com.js",
        "ico": "http://s3.ap-east-1.amazonaws.com/static.f7tk.com/aiscripts2/chanmama.com.ico"
    },
    {
        "id": "www.qoo10.jp",
        "name": "qoo10",
        "version": "1.0.9",
        "description": "",
        "reg": "www.qoo10.jp/item",
        "url": "http://s3.ap-east-1.amazonaws.com/static.f7tk.com/aiscripts2/www.qoo10.jp.js",
        "ico": "http://s3.ap-east-1.amazonaws.com/static.f7tk.com/aiscripts2/www.qoo10.jp.ico"
    }
]
